"cust","date"
1001,2015-10-26
1001,2016-12-03
1001,2018-01-12
1001,2018-03-09
1001,2018-06-24
1001,2018-07-27
1001,2018-09-07
1001,2018-11-16
1001,2019-01-11
1001,2019-03-15
1001,2019-03-24
1002,2015-12-06
1002,2016-08-04
1002,2016-12-04
1003,2015-09-29
1004,2015-02-16
1004,2016-02-25
1005,2015-11-07
1005,2016-06-04
1005,2016-11-05
1005,2017-07-26
1006,2015-10-17
1007,2015-04-05
1008,2015-04-22
1008,2016-03-30
1009,2015-09-09
1009,2017-11-29
1010,2015-01-19
1011,2015-02-23
1012,2015-04-28
1012,2015-08-13
1012,2016-10-28
1012,2017-02-13
1012,2018-01-29
1012,2018-08-13
1013,2015-01-26
1014,2015-01-26
1015,2015-01-26
1016,2015-01-26
1017,2015-01-26
1018,2015-01-22
1018,2019-01-05
1019,2015-04-28
1019,2016-08-05
1020,2015-01-26
1021,2015-01-26
1022,2015-01-26
1023,2015-01-26
1024,2015-01-26
1024,2015-07-17
1024,2016-07-21
1024,2017-02-13
1024,2017-07-27
1024,2018-08-09
1024,2019-01-21
1025,2015-01-26
1026,2015-01-26
1027,2015-01-26
1028,2015-03-06
1028,2016-09-17
1028,2018-11-02
1029,2015-01-14
1029,2017-02-05
1029,2017-07-02
1030,2015-02-28
1030,2017-10-26
1031,2015-02-28
1031,2017-01-19
1031,2017-07-20
1031,2017-11-16
1032,2015-02-28
1033,2015-02-28
1034,2015-02-28
1034,2017-01-19
1034,2017-07-20
1034,2017-11-16
1035,2015-02-28
1035,2016-12-31
1036,2015-02-28
1036,2015-10-06
1036,2016-10-05
1036,2017-10-04
1037,2015-02-28
1037,2016-05-04
1038,2015-02-28
1039,2015-03-01
1039,2016-10-23
1040,2015-03-03
1040,2015-06-08
1040,2015-09-15
1040,2016-09-04
1040,2016-10-28
1041,2015-03-03
1042,2015-03-03
1043,2015-03-03
1043,2015-12-07
1044,2015-03-03
1045,2015-03-04
1045,2016-03-01
1045,2017-03-07
1046,2015-03-04
1047,2015-03-04
1047,2016-03-01
1047,2017-03-07
1047,2018-03-13
1048,2015-03-04
1049,2015-03-04
1050,2015-03-04
1050,2018-11-07
1051,2015-03-04
1052,2015-03-04
1053,2015-03-04
1053,2015-06-08
1053,2017-05-11
1054,2015-04-18
1055,2015-04-18
1056,2015-04-18
1056,2015-08-29
1056,2016-02-09
1057,2015-04-18
1057,2016-04-16
1057,2016-11-26
1057,2017-07-01
1058,2015-04-18
1058,2015-10-01
1059,2015-04-25
1060,2015-04-25
1060,2015-09-19
1060,2016-06-19
1060,2017-03-04
1060,2017-10-06
1060,2018-06-17
1061,2015-04-25
1061,2017-04-22
1061,2018-04-06
1061,2018-12-26
1062,2015-04-25
1063,2015-04-25
1063,2017-04-23
1063,2017-09-16
1063,2018-01-07
1063,2018-10-21
1063,2018-12-30
1064,2015-04-28
1064,2016-04-27
1064,2017-04-25
1065,2015-04-28
1066,2015-04-28
1067,2015-04-28
1067,2016-04-27
1067,2017-04-25
1068,2015-05-19
1068,2017-10-24
1069,2015-05-19
1069,2016-10-18
1070,2015-05-19
1070,2016-10-18
1071,2015-05-19
1071,2017-01-25
1072,2015-05-19
1073,2015-05-19
1073,2017-05-16
1073,2018-01-30
1073,2018-05-23
1074,2015-05-23
1074,2017-03-03
1075,2015-05-23
1075,2017-03-25
1075,2017-12-30
1076,2015-05-23
1076,2016-09-02
1076,2017-05-13
1077,2015-05-23
1077,2015-08-15
1078,2015-05-23
1079,2015-05-30
1079,2016-05-28
1079,2016-09-13
1080,2015-11-15
1081,2015-05-30
1081,2016-02-23
1081,2016-05-28
1081,2017-03-25
1081,2017-05-27
1081,2017-08-20
1081,2017-10-28
1081,2018-03-24
1081,2018-05-26
1081,2018-08-19
1082,2015-06-22
1082,2018-04-04
1083,2015-06-22
1084,2015-06-22
1085,2015-06-22
1085,2016-09-09
1086,2015-06-22
1087,2015-06-22
1088,2015-06-22
1089,2015-06-22
1090,2015-06-22
1091,2015-06-22
1092,2015-06-22
1093,2015-06-22
1094,2015-06-22
1095,2015-06-22
1095,2017-04-26
1096,2015-06-22
1097,2015-06-22
1097,2016-06-15
1097,2016-12-14
1097,2018-02-21
1097,2018-04-18
1098,2015-06-22
1099,2015-06-22
1099,2015-10-16
1100,2015-06-22
1100,2015-10-16
1100,2016-07-03
1100,2017-07-02
1100,2018-01-14
1101,2015-06-22
1102,2015-06-22
1103,2015-06-22
1104,2015-06-22
1105,2015-06-22
1106,2015-06-22
1107,2015-06-22
1108,2015-06-22
1109,2015-06-22
1110,2015-06-22
1111,2015-06-22
1111,2015-10-16
1112,2015-06-22
1113,2015-06-22
1114,2015-06-22
1115,2015-06-22
1116,2015-06-22
1117,2015-06-22
1118,2015-06-22
1119,2015-06-22
1120,2015-06-22
1121,2015-06-22
1122,2015-06-22
1123,2015-06-22
1124,2015-06-22
1124,2015-09-27
1124,2016-10-02
1124,2018-04-29
1124,2018-09-30
1125,2015-06-22
1126,2015-06-22
1127,2015-06-22
1128,2015-06-22
1129,2015-06-22
1130,2015-06-22
1131,2015-06-22
1132,2015-06-22
1133,2015-06-22
1134,2015-06-22
1135,2015-06-22
1136,2015-06-22
1137,2015-06-22
1138,2015-06-22
1139,2015-06-22
1140,2015-06-22
1141,2015-06-22
1142,2015-06-22
1143,2015-06-22
1144,2015-06-22
1145,2015-06-22
1146,2015-06-22
1147,2015-06-22
1148,2015-06-22
1149,2015-06-22
1150,2015-06-22
1151,2015-06-22
1152,2015-06-22
1153,2015-06-22
1154,2015-06-22
1155,2015-06-22
1156,2015-06-22
1157,2015-06-22
1158,2015-06-22
1159,2015-06-27
1159,2016-04-02
1159,2016-10-15
1160,2015-06-27
1161,2015-11-24
1161,2016-06-28
1161,2016-11-15
1162,2015-06-30
1162,2015-11-24
1162,2016-06-28
1162,2018-12-17
1163,2015-07-11
1163,2015-09-12
1163,2016-01-14
1163,2016-03-10
1163,2016-05-19
1163,2016-07-09
1163,2016-09-10
1163,2017-01-12
1163,2017-03-09
1163,2017-06-10
1163,2017-11-02
1164,2015-07-11
1165,2015-07-11
1166,2015-07-11
1167,2015-07-17
1168,2015-07-17
1169,2015-07-17
1170,2015-07-17
1171,2015-07-17
1172,2015-07-17
1173,2015-07-17
1173,2016-05-15
1174,2015-07-17
1175,2015-07-17
1175,2017-04-28
1176,2015-07-17
1177,2015-07-17
1177,2016-06-16
1178,2015-07-17
1178,2016-09-23
1179,2015-07-17
1180,2015-07-31
1180,2016-07-29
1180,2017-01-14
1180,2018-07-27
1181,2015-07-31
1181,2016-06-26
1181,2018-07-27
1181,2018-10-07
1181,2019-01-06
1182,2015-07-31
1182,2015-11-20
1183,2015-07-31
1184,2015-08-28
1184,2017-09-01
1185,2015-08-28
1185,2016-08-21
1185,2017-12-16
1186,2015-08-28
1187,2015-09-09
1187,2017-01-15
1187,2017-05-03
1187,2017-09-06
1187,2018-01-14
1187,2018-09-12
1188,2015-09-09
1188,2016-09-07
1188,2016-09-08
1189,2015-09-09
1190,2015-09-09
1191,2015-09-09
1191,2016-09-07
1191,2017-09-06
1191,2018-09-12
1192,2015-09-09
1192,2016-09-07
1193,2015-09-09
1194,2015-09-09
1194,2016-09-07
1194,2017-09-07
1195,2015-09-09
1195,2016-09-07
1195,2017-09-07
1196,2015-09-09
1197,2015-09-09
1198,2015-09-09
1198,2017-09-07
1199,2015-02-25
1199,2015-09-09
1200,2015-09-11
1200,2015-11-13
1200,2016-01-22
1200,2016-03-18
1200,2016-06-17
1200,2016-09-09
1200,2016-11-11
1200,2017-01-20
1200,2017-03-17
1200,2017-11-10
1200,2018-03-16
1201,2015-09-11
1201,2016-11-11
1201,2017-01-20
1201,2017-09-08
1201,2017-11-10
1201,2018-01-19
1201,2018-06-29
1201,2018-09-07
1201,2019-01-18
1202,2015-11-13
1202,2016-11-11
1202,2017-11-10
1203,2015-09-15
1203,2016-03-01
1204,2015-09-15
1205,2015-09-19
1205,2016-07-03
1206,2015-09-25
1207,2015-09-25
1208,2015-09-25
1208,2016-02-01
1209,2015-09-25
1210,2015-09-25
1211,2015-09-25
1212,2015-09-25
1213,2015-09-25
1214,2015-09-25
1215,2015-09-25
1215,2016-02-01
1215,2017-03-18
1216,2015-09-25
1216,2016-02-01
1217,2015-09-25
1218,2015-09-25
1219,2015-09-25
1220,2015-09-25
1220,2016-02-01
1221,2015-09-25
1222,2015-09-25
1222,2018-03-01
1222,2018-07-04
1222,2019-02-28
1223,2015-09-25
1223,2016-02-01
1223,2017-01-18
1224,2015-09-25
1224,2016-11-06
1224,2017-04-02
1224,2017-06-18
1224,2018-11-04
1224,2019-01-08
1225,2015-09-25
1225,2019-01-21
1226,2015-09-25
1226,2016-02-01
1226,2016-09-12
1226,2018-01-20
1226,2018-03-17
1227,2015-09-25
1227,2016-02-01
1228,2015-09-25
1228,2017-04-19
1228,2017-10-18
1228,2018-04-18
1228,2018-06-13
1229,2015-09-25
1230,2015-09-25
1231,2015-09-25
1231,2016-12-12
1231,2019-01-29
1232,2015-09-25
1233,2015-09-25
1234,2015-09-25
1235,2015-09-25
1236,2015-09-25
1237,2015-09-25
1238,2015-09-25
1238,2016-02-01
1239,2015-09-25
1239,2016-02-01
1239,2016-09-09
1240,2015-09-25
1241,2015-09-25
1242,2015-09-29
1242,2016-04-11
1242,2016-10-13
1242,2017-01-12
1242,2018-04-12
1242,2019-03-26
1243,2015-09-29
1243,2016-01-12
1244,2015-09-29
1245,2015-09-29
1246,2015-09-29
1247,2015-09-29
1247,2016-11-21
1247,2017-10-05
1247,2017-12-28
1247,2018-03-29
1248,2015-09-29
1249,2015-09-29
1250,2015-09-29
1251,2015-09-29
1251,2016-03-17
1252,2015-09-29
1253,2015-09-29
1253,2015-12-18
1253,2016-04-05
1253,2016-09-06
1253,2016-11-29
1253,2017-01-27
1253,2017-03-29
1254,2015-10-03
1254,2016-07-02
1254,2016-10-01
1254,2017-07-01
1254,2017-10-07
1254,2018-04-07
1255,2015-10-03
1255,2016-07-02
1255,2016-10-01
1255,2017-04-08
1255,2018-01-13
1256,2015-10-03
1256,2016-04-09
1256,2016-09-01
1256,2017-07-01
1256,2018-01-13
1256,2018-05-03
1256,2018-07-14
1256,2019-01-12
1257,2015-10-11
1257,2016-04-06
1257,2016-07-04
1257,2016-10-17
1257,2017-10-08
1257,2018-08-15
1257,2018-10-14
1258,2015-10-11
1258,2016-05-05
1259,2015-10-11
1259,2015-11-24
1259,2016-04-15
1259,2017-06-11
1259,2018-05-10
1259,2018-10-14
1260,2015-10-14
1261,2015-10-14
1262,2015-11-17
1262,2016-03-07
1262,2016-05-10
1262,2016-07-12
1263,2015-11-17
1263,2016-05-10
1263,2017-03-16
1264,2015-11-17
1264,2017-05-29
1264,2017-11-20
1264,2018-05-28
1265,2015-11-17
1265,2018-11-26
1266,2015-12-22
1266,2016-03-19
1266,2016-07-20
1266,2017-04-29
1266,2018-11-07
1267,2015-12-22
1268,2015-05-03
1268,2016-12-11
1269,2015-12-16
1269,2016-12-14
1270,2015-09-17
1271,2015-05-28
1271,2015-11-12
1272,2015-01-28
1272,2016-01-25
1273,2015-01-27
1273,2015-12-20
1273,2016-04-01
1273,2016-06-19
1273,2016-09-23
1273,2017-02-15
1273,2017-08-12
1274,2015-01-05
1275,2015-02-11
1275,2015-04-15
1276,2015-04-15
1277,2015-04-15
1277,2016-02-01
1277,2016-04-22
1277,2016-11-19
1277,2017-02-15
1277,2018-02-21
1277,2018-06-13
1277,2018-08-22
1277,2018-10-17
1277,2018-12-19
1277,2019-02-13
1278,2015-02-18
1278,2015-05-05
1278,2015-08-04
1278,2015-10-22
1278,2016-05-10
1278,2017-05-17
1278,2017-08-08
1278,2018-02-20
1279,2015-01-10
1279,2015-05-09
1279,2016-09-24
1279,2017-01-14
1279,2017-09-09
1279,2018-03-17
1279,2018-05-19
1280,2015-01-10
1281,2015-02-09
1281,2015-07-09
1281,2015-12-23
1281,2016-07-01
1281,2016-09-30
1281,2017-06-02
1282,2015-02-09
1282,2016-12-21
1282,2018-03-06
1282,2018-08-08
1283,2015-02-09
1283,2016-08-02
1283,2016-12-21
1283,2018-03-07
1284,2015-02-09
1284,2018-03-07
1284,2018-11-07
1285,2015-02-09
1286,2015-02-09
1286,2016-03-08
1287,2015-02-09
1288,2015-04-02
1289,2015-04-02
1290,2015-04-05
1290,2015-09-06
1291,2015-04-05
1291,2016-03-27
1292,2015-04-11
1292,2016-01-02
1293,2015-04-11
1294,2015-04-11
1295,2015-04-11
1295,2015-10-03
1295,2016-01-02
1295,2016-04-09
1295,2016-07-02
1295,2017-07-01
1295,2017-09-23
1295,2018-01-13
1295,2018-08-15
1296,2015-05-04
1297,2015-05-04
1297,2015-11-30
1298,2015-05-04
1298,2015-10-28
1298,2019-03-11
1299,2015-05-04
1300,2015-05-04
1300,2015-11-30
1300,2018-05-14
1300,2018-11-07
1301,2015-05-04
1301,2017-06-27
1301,2018-04-17
1302,2015-05-04
1302,2017-04-04
1303,2015-09-03
1304,2015-05-07
1305,2015-05-07
1305,2016-02-04
1305,2017-02-02
1305,2017-09-07
1305,2018-02-08
1306,2015-05-31
1307,2015-05-31
1307,2016-06-05
1307,2017-06-11
1308,2015-05-31
1309,2015-05-31
1309,2015-11-08
1309,2016-01-22
1309,2016-04-15
1309,2016-08-12
1309,2017-06-05
1309,2017-11-05
1309,2018-02-25
1309,2018-09-30
1310,2015-05-31
1311,2015-06-05
1311,2016-06-03
1312,2015-06-10
1312,2017-05-31
1313,2015-06-10
1313,2016-06-07
1314,2015-06-10
1315,2015-06-10
1315,2016-06-08
1316,2015-06-10
1316,2016-06-08
1316,2016-07-25
1317,2015-06-10
1318,2015-06-10
1318,2016-06-08
1319,2015-06-10
1319,2016-06-09
1320,2015-06-10
1320,2016-06-08
1320,2017-05-31
1321,2015-06-10
1321,2017-01-31
1322,2015-06-10
1323,2015-06-10
1324,2015-06-10
1325,2015-06-10
1326,2015-06-12
1326,2018-01-14
1326,2018-06-15
1326,2018-08-21
1326,2019-01-13
1326,2019-03-14
1327,2015-06-12
1328,2015-06-12
1328,2016-06-17
1329,2015-06-12
1329,2015-09-08
1329,2016-01-23
1330,2015-07-04
1331,2015-07-04
1331,2015-12-17
1331,2016-01-28
1332,2015-07-05
1332,2015-10-03
1332,2016-02-13
1332,2016-10-01
1332,2016-12-17
1332,2017-04-22
1332,2017-12-16
1332,2018-10-06
1333,2015-07-05
1333,2015-11-15
1333,2016-02-24
1333,2017-07-09
1333,2017-09-06
1333,2018-11-11
1334,2015-07-07
1334,2015-11-18
1334,2017-01-31
1335,2015-07-19
1335,2017-03-19
1335,2017-07-16
1335,2018-03-25
1336,2015-07-22
1336,2017-08-19
1336,2018-01-24
1336,2018-10-24
1337,2015-07-22
1337,2015-12-02
1337,2017-07-08
1338,2015-07-22
1339,2015-07-22
1340,2015-07-22
1341,2015-07-22
1341,2016-07-20
1341,2017-02-01
1341,2017-07-19
1341,2018-07-18
1341,2019-01-23
1342,2015-07-22
1343,2015-08-14
1343,2015-10-18
1343,2016-02-14
1343,2016-05-22
1343,2016-08-06
1343,2017-01-21
1343,2017-02-05
1343,2018-01-07
1343,2018-05-13
1343,2018-07-22
1344,2015-10-21
1345,2015-10-21
1345,2016-02-08
1345,2016-08-31
1346,2015-10-21
1346,2016-02-08
1346,2016-06-29
1346,2016-11-08
1346,2017-02-28
1346,2017-07-05
1346,2017-11-13
1346,2018-07-04
1346,2018-11-13
1346,2019-03-05
1347,2015-10-21
1347,2016-02-09
1348,2015-10-21
1348,2016-06-29
1348,2016-11-09
1348,2017-02-28
1348,2017-07-04
1348,2017-11-13
1348,2018-02-06
1348,2018-07-03
1349,2015-10-21
1349,2016-02-09
1349,2016-11-09
1349,2017-03-01
1349,2019-03-05
1350,2015-10-21
1350,2017-11-14
1350,2018-05-17
1350,2018-11-13
1350,2019-03-04
1351,2015-10-25
1351,2016-02-12
1352,2015-10-25
1352,2016-05-01
1352,2016-10-23
1352,2017-05-07
1352,2018-10-28
1353,2015-11-08
1353,2016-04-10
1353,2016-08-27
1353,2016-11-06
1353,2017-08-26
1353,2018-04-15
1353,2018-08-25
1353,2018-11-11
1353,2019-03-22
1354,2015-11-08
1354,2016-03-10
1354,2017-04-02
1354,2018-03-08
1355,2015-11-08
1355,2016-02-28
1355,2016-04-10
1355,2016-11-06
1355,2017-02-24
1356,2015-11-22
1356,2016-01-31
1356,2017-01-29
1356,2017-05-22
1356,2018-01-28
1357,2015-11-22
1357,2017-07-01
1357,2017-11-19
1357,2018-11-18
1358,2015-11-22
1358,2016-07-03
1358,2017-07-02
1358,2017-10-15
1358,2018-10-14
1359,2015-11-25
1360,2015-11-27
1360,2016-03-11
1360,2016-06-10
1360,2016-11-11
1360,2017-03-10
1360,2017-05-19
1360,2017-11-28
1361,2015-12-03
1361,2016-04-02
1361,2018-03-31
1361,2019-03-26
1362,2015-12-03
1362,2016-03-02
1362,2016-06-02
1362,2016-09-07
1362,2016-12-01
1362,2017-03-02
1362,2017-06-01
1362,2017-09-06
1363,2015-12-06
1363,2016-03-30
1363,2016-05-29
1363,2016-12-04
1363,2017-04-05
1363,2017-09-03
1363,2017-12-03
1363,2018-04-04
1363,2018-12-09
1364,2015-12-06
1365,2015-12-06
1365,2017-04-05
1366,2015-12-09
1367,2015-12-09
1367,2016-07-13
1367,2016-10-29
1367,2017-02-01
1367,2017-06-04
1367,2017-10-25
1367,2018-06-02
1367,2019-02-20
1368,2015-12-09
1368,2016-04-09
1368,2016-06-25
1368,2016-06-30
1368,2016-07-27
1368,2016-12-21
1368,2017-03-13
1368,2017-05-26
1368,2017-07-26
1368,2017-10-23
1368,2018-01-10
1368,2018-03-12
1368,2018-03-17
1368,2018-06-08
1368,2018-08-04
1368,2018-11-03
1368,2019-01-11
1368,2019-03-22
1369,2015-12-09
1369,2016-04-16
1369,2017-06-03
1369,2017-09-09
1369,2018-05-19
1370,2015-12-13
1370,2017-12-10
1371,2015-12-13
1371,2018-05-13
1372,2015-12-28
1372,2016-12-27
1372,2018-03-10
1372,2019-02-08
1373,2015-12-28
1373,2016-07-09
1373,2016-12-27
1373,2018-03-10
1374,2015-12-28
1374,2016-05-11
1374,2016-07-18
1374,2016-10-05
1374,2016-12-27
1374,2018-01-31
1374,2018-04-19
1374,2018-12-27
1375,2015-12-28
1375,2017-02-03
1375,2017-09-14
1375,2017-12-27
1375,2018-07-16
1375,2019-03-09
1376,2015-09-15
1377,2015-09-15
1377,2016-09-13
1377,2017-09-12
1377,2018-09-11
1378,2015-09-15
1378,2016-09-13
1379,2015-08-15
1379,2016-05-05
1380,2015-10-07
1381,2015-06-15
1381,2015-09-14
1381,2016-06-13
1381,2016-09-12
1382,2015-06-24
1382,2016-01-20
1383,2015-05-03
1383,2015-09-24
1383,2016-09-15
1383,2017-01-08
1383,2017-04-28
1383,2017-09-21
1383,2018-09-16
1383,2018-12-30
1384,2015-03-23
1384,2015-05-28
1384,2015-09-14
1384,2016-03-14
1385,2015-11-12
1385,2016-09-10
1385,2017-05-04
1386,2015-03-21
1386,2015-09-18
1386,2016-02-05
1386,2016-09-16
1386,2017-09-15
1386,2018-07-06
1387,2015-04-27
1388,2015-06-15
1388,2017-05-15
1388,2018-04-23
1389,2015-02-19
1390,2015-02-19
1391,2015-04-01
1391,2016-01-31
1391,2016-05-01
1391,2016-07-10
1391,2016-10-26
1391,2017-02-05
1391,2017-07-09
1391,2017-10-26
1392,2015-03-05
1393,2015-03-05
1394,2015-10-21
1394,2016-06-18
1394,2017-02-21
1395,2015-01-03
1396,2015-01-04
1397,2015-01-04
1397,2018-01-06
1397,2018-08-26
1398,2015-01-04
1398,2016-08-28
1399,2015-01-07
1400,2015-01-07
1400,2018-12-06
1401,2015-01-08
1402,2015-02-17
1403,2015-02-22
1404,2015-02-22
1404,2015-04-01
1404,2015-05-24
1404,2016-05-22
1404,2017-10-29
1404,2018-12-14
1405,2015-02-22
1406,2015-02-22
1407,2015-02-22
1407,2015-10-25
1408,2015-02-23
1409,2015-02-23
1409,2015-07-14
1410,2015-07-14
1411,2015-07-14
1412,2015-02-23
1412,2015-07-14
1413,2015-02-23
1414,2015-07-14
1414,2016-01-29
1415,2015-07-14
1416,2015-02-23
1416,2015-07-14
1416,2016-11-27
1417,2015-02-23
1417,2015-07-14
1418,2015-02-23
1419,2015-02-23
1420,2015-07-14
1421,2015-02-23
1422,2015-02-23
1422,2015-07-14
1422,2018-04-16
1423,2015-02-23
1424,2015-02-23
1425,2015-07-14
1425,2015-12-21
1425,2016-06-22
1426,2015-02-23
1426,2015-07-14
1426,2015-12-07
1427,2015-08-15
1427,2016-01-17
1427,2017-01-17
1427,2018-01-17
1428,2015-02-23
1429,2015-12-21
1430,2015-07-14
1431,2015-03-01
1432,2015-03-01
1432,2015-07-12
1432,2016-02-08
1432,2016-10-09
1432,2017-03-01
1432,2017-04-20
1432,2017-05-08
1432,2017-08-08
1433,2015-03-07
1434,2015-03-07
1435,2015-03-08
1435,2015-07-19
1435,2016-03-13
1435,2016-07-24
1435,2016-11-20
1435,2017-07-23
1435,2017-11-19
1436,2015-03-08
1436,2015-06-05
1436,2015-11-22
1436,2016-02-18
1436,2016-05-27
1436,2016-10-08
1436,2016-11-20
1436,2017-02-07
1436,2017-06-02
1436,2018-07-27
1436,2019-02-05
1437,2015-03-08
1438,2015-11-04
1438,2016-01-18
1438,2016-04-18
1438,2016-07-01
1438,2017-04-04
1438,2017-06-27
1438,2018-03-11
1438,2018-05-14
1439,2015-03-26
1439,2015-09-25
1440,2015-03-26
1440,2017-06-11
1441,2015-03-26
1442,2015-03-26
1442,2015-08-13
1443,2015-03-26
1443,2015-07-01
1444,2015-03-26
1444,2015-07-07
1444,2015-12-01
1444,2016-07-05
1444,2016-09-09
1444,2017-01-03
1444,2017-07-11
1444,2017-09-08
1444,2018-04-27
1445,2015-03-26
1445,2015-09-25
1446,2015-03-26
1446,2017-05-26
1447,2015-03-26
1447,2015-07-08
1447,2015-09-08
1447,2015-10-01
1447,2016-05-03
1447,2016-07-07
1447,2016-09-09
1447,2017-07-05
1447,2017-09-08
1447,2018-03-01
1448,2015-10-01
1448,2017-06-15
1448,2018-05-31
1449,2015-03-26
1449,2015-10-16
1449,2016-02-19
1450,2015-03-26
1450,2015-09-26
1451,2015-03-26
1451,2016-09-18
1451,2017-04-13
1451,2017-10-18
1451,2018-02-25
1452,2015-03-26
1452,2017-01-31
1452,2017-04-12
1453,2015-03-26
1454,2015-03-26
1454,2017-02-13
1455,2015-03-26
1455,2017-01-31
1455,2017-04-12
1456,2015-03-26
1456,2017-04-20
1456,2017-08-22
1456,2018-01-18
1456,2018-03-15
1456,2018-04-19
1456,2018-07-19
1457,2015-03-26
1458,2015-03-26
1458,2015-09-22
1459,2015-03-26
1459,2015-10-01
1460,2015-03-26
1460,2015-11-15
1460,2016-09-29
1460,2017-11-19
1461,2015-03-26
1461,2015-12-13
1461,2016-03-17
1461,2018-04-18
1461,2018-11-09
1461,2019-01-19
1462,2015-03-26
1462,2015-09-13
1462,2016-03-17
1462,2016-09-04
1462,2017-01-02
1462,2017-09-10
1462,2018-09-09
1463,2015-03-26
1464,2015-03-26
1464,2016-03-17
1464,2016-09-29
1465,2015-04-06
1466,2015-05-25
1467,2015-03-26
1467,2016-03-17
1467,2016-09-03
1467,2017-03-26
1467,2017-05-27
1467,2017-09-02
1467,2017-11-12
1467,2018-02-07
1467,2018-11-27
1468,2015-03-26
1468,2016-08-01
1469,2015-03-26
1470,2015-03-26
1470,2015-11-21
1470,2016-10-03
1470,2017-03-18
1470,2017-05-24
1470,2017-11-25
1470,2018-01-20
1470,2018-03-17
1471,2015-03-26
1471,2016-04-29
1472,2015-03-26
1472,2016-09-27
1473,2015-03-26
1473,2016-01-08
1473,2016-07-07
1473,2016-10-18
1473,2017-06-11
1473,2018-03-09
1474,2015-03-26
1474,2016-03-17
1475,2015-03-26
1475,2016-03-17
1475,2016-10-03
1476,2015-03-26
1477,2015-03-26
1477,2016-03-17
1477,2016-07-25
1477,2017-05-14
1478,2015-03-26
1478,2016-03-17
1479,2015-10-10
1479,2016-02-17
1479,2016-10-19
1479,2017-01-21
1479,2017-08-16
1479,2017-10-14
1479,2018-08-22
1479,2019-03-05
1480,2015-03-26
1481,2015-03-26
1481,2015-07-01
1482,2015-11-29
1482,2016-03-20
1482,2017-05-15
1483,2015-03-29
1483,2015-07-16
1483,2018-04-19
1484,2015-03-29
1484,2015-07-25
1484,2015-11-29
1484,2016-03-20
1485,2015-05-17
1485,2017-05-21
1486,2015-05-17
1486,2015-10-11
1486,2016-12-03
1486,2017-05-21
1487,2015-05-17
1487,2016-01-03
1487,2017-05-21
1488,2015-05-17
1489,2015-05-18
1489,2016-04-19
1489,2018-05-23
1490,2015-05-18
1491,2015-05-18
1491,2016-04-05
1491,2017-10-10
1492,2015-05-18
1492,2016-03-08
1492,2018-05-23
1493,2015-05-18
1494,2015-05-18
1495,2015-05-18
1496,2015-05-18
1496,2016-04-19
1496,2018-05-23
1497,2015-05-18
1498,2015-05-18
1499,2015-05-18
1499,2017-10-21
1499,2018-05-23
1500,2015-05-18
1501,2015-05-22
1502,2015-05-22
1502,2015-10-15
1503,2015-08-27
1504,2015-05-22
1505,2015-05-22
1506,2015-05-22
1507,2015-06-28
1507,2015-12-20
1507,2016-06-19
1508,2015-06-28
1509,2015-07-08
1509,2016-08-06
1509,2016-12-03
1509,2017-03-23
1509,2017-08-05
1509,2017-12-23
1509,2018-09-07
1510,2015-07-08
1510,2016-01-20
1510,2017-07-12
1510,2017-09-16
1511,2015-07-08
1512,2015-07-15
1512,2015-09-05
1513,2015-07-19
1514,2015-07-27
1514,2016-02-02
1514,2016-07-20
1514,2017-02-08
1514,2017-07-13
1514,2019-02-05
1515,2015-08-10
1516,2015-09-12
1516,2017-07-01
1516,2017-10-21
1516,2018-02-17
1516,2018-06-30
1517,2015-09-12
1518,2015-09-12
1518,2016-04-16
1518,2016-10-22
1518,2017-10-21
1518,2018-11-05
1519,2015-09-12
1520,2015-09-12
1520,2016-07-02
1521,2015-09-12
1521,2017-07-01
1521,2017-10-21
1521,2018-02-17
1522,2015-09-25
1522,2016-12-08
1522,2017-07-23
1522,2017-11-19
1522,2018-07-29
1523,2015-10-04
1523,2016-01-31
1523,2017-10-01
1523,2018-04-15
1523,2018-10-28
1523,2019-02-17
1524,2015-10-10
1524,2017-06-14
1524,2019-01-26
1525,2015-10-12
1525,2016-03-14
1525,2016-10-17
1525,2017-03-27
1525,2017-07-24
1525,2018-10-22
1525,2019-03-18
1526,2015-10-12
1527,2015-10-15
1527,2016-02-18
1527,2018-10-27
1528,2015-10-15
1528,2016-02-18
1529,2015-10-15
1529,2016-02-18
1530,2015-10-15
1531,2015-10-15
1531,2016-02-18
1532,2015-10-15
1532,2016-02-18
1533,2015-10-15
1533,2016-09-12
1533,2016-12-19
1534,2015-10-15
1534,2016-02-18
1534,2016-04-06
1534,2016-06-27
1534,2016-11-16
1535,2015-10-15
1535,2016-02-18
1536,2015-10-15
1536,2015-11-26
1536,2016-02-18
1537,2015-10-19
1537,2017-10-30
1537,2018-03-29
1538,2015-10-19
1539,2015-10-19
1540,2015-10-19
1540,2016-10-31
1540,2018-05-02
1541,2015-10-19
1541,2016-12-21
1541,2017-10-11
1541,2018-03-07
1541,2018-05-02
1541,2018-09-13
1542,2015-10-19
1542,2018-10-29
1543,2015-10-19
1544,2015-10-19
1545,2015-10-19
1545,2017-10-30
1545,2018-03-29
1546,2015-10-26
1546,2017-03-12
1547,2015-10-26
1547,2017-03-12
1547,2018-01-14
1548,2015-10-26
1549,2015-10-28
1549,2016-06-09
1549,2016-10-04
1550,2015-10-28
1550,2017-02-28
1550,2017-06-19
1551,2015-10-28
1552,2015-10-31
1552,2016-01-30
1552,2016-07-16
1552,2016-10-29
1552,2017-02-12
1552,2017-06-11
1552,2017-10-08
1552,2018-04-08
1552,2018-07-21
1552,2018-10-07
1553,2015-11-06
1554,2015-11-06
1555,2015-11-06
1556,2015-11-06
1557,2015-11-06
1557,2016-02-21
1557,2016-05-13
1557,2016-08-05
1558,2015-11-06
1559,2015-11-06
1560,2015-11-06
1560,2016-03-28
1560,2018-09-30
1560,2019-03-17
1561,2015-11-06
1562,2015-11-20
1563,2015-11-25
1563,2016-01-22
1563,2016-09-04
1563,2017-01-08
1563,2018-05-13
1564,2015-11-25
1564,2016-01-22
1564,2016-03-22
1564,2016-05-11
1565,2015-11-25
1565,2016-01-22
1565,2016-03-22
1565,2016-11-26
1565,2017-03-04
1565,2017-06-10
1565,2017-09-02
1565,2018-03-03
1565,2018-09-01
1566,2015-11-25
1566,2016-01-22
1566,2016-03-22
1566,2018-04-16
1566,2018-07-23
1567,2015-11-25
1567,2016-01-22
1567,2016-03-22
1568,2015-11-25
1568,2016-01-22
1569,2015-11-25
1569,2016-01-22
1569,2016-03-22
1570,2015-11-25
1570,2016-03-22
1571,2015-11-25
1571,2016-01-22
1572,2015-11-25
1573,2015-11-25
1574,2015-11-25
1575,2015-11-25
1576,2015-11-25
1577,2015-11-25
1577,2016-02-01
1577,2016-04-22
1578,2015-11-25
1578,2016-02-01
1578,2016-04-22
1578,2018-05-25
1579,2015-11-25
1579,2016-01-22
1579,2016-03-22
1580,2015-11-25
1580,2016-01-22
1580,2016-06-12
1580,2016-08-19
1580,2016-10-16
1580,2017-04-02
1580,2017-09-10
1580,2018-01-21
1581,2015-11-25
1582,2015-11-25
1582,2017-06-02
1583,2015-11-25
1583,2016-01-22
1583,2016-03-22
1584,2015-11-25
1584,2016-03-10
1585,2015-11-25
1585,2016-03-10
1585,2018-01-30
1586,2015-11-25
1587,2015-11-25
1587,2016-03-10
1587,2016-05-14
1587,2016-09-08
1588,2015-11-25
1588,2016-03-10
1589,2015-11-25
1590,2015-11-25
1590,2016-02-01
1591,2015-11-25
1591,2017-09-19
1592,2015-11-25
1592,2016-02-10
1592,2016-06-16
1592,2017-01-23
1592,2017-04-18
1592,2018-03-08
1593,2015-11-25
1593,2016-03-10
1594,2015-11-25
1595,2015-11-25
1596,2015-11-25
1596,2016-03-10
1596,2016-12-21
1597,2015-11-25
1598,2015-11-25
1599,2015-11-25
1600,2015-11-25
1600,2016-03-10
1601,2015-11-25
1602,2015-11-25
1602,2016-03-10
1602,2018-02-27
1602,2019-02-26
1603,2015-11-25
1603,2018-07-23
1604,2015-11-25
1604,2016-03-04
1604,2016-12-20
1604,2018-03-23
1605,2015-11-25
1605,2016-03-10
1606,2015-11-25
1606,2016-01-26
1606,2016-03-04
1607,2015-11-25
1607,2016-03-10
1608,2015-12-05
1608,2016-12-03
1609,2015-12-05
1609,2016-09-09
1609,2017-12-23
1609,2018-09-08
1610,2015-12-05
1610,2016-03-11
1610,2017-01-27
1611,2015-12-05
1612,2015-12-05
1612,2016-03-12
1612,2016-05-07
1612,2016-07-13
1612,2016-09-10
1612,2016-12-02
1612,2017-03-11
1612,2017-06-17
1612,2017-09-08
1612,2017-12-23
1612,2018-03-10
1612,2018-05-26
1612,2019-03-21
1613,2015-12-30
1613,2017-01-25
1613,2017-06-21
1613,2017-12-12
1613,2018-07-12
1613,2018-08-08
1613,2018-11-15
1613,2019-02-07
1614,2015-08-30
1615,2015-06-21
1615,2015-11-08
1615,2016-03-13
1615,2016-06-19
1615,2017-06-18
1616,2015-05-12
1616,2015-10-29
1616,2016-07-28
1616,2017-05-23
1616,2018-05-17
1616,2018-10-02
1617,2015-10-25
1617,2017-07-02
1618,2015-05-19
1618,2015-10-07
1618,2016-10-12
1618,2017-08-03
1618,2018-08-02
1618,2018-11-13
1618,2019-02-19
1619,2015-10-13
1619,2016-01-28
1620,2015-06-02
1621,2015-02-16
1622,2015-05-22
1623,2015-05-22
1623,2015-08-23
1624,2015-07-01
1625,2015-08-07
1625,2016-08-05
1625,2016-11-18
1625,2017-08-04
1626,2015-01-13
1626,2015-09-29
1626,2016-04-05
1626,2016-09-06
1626,2017-01-18
1626,2017-03-21
1626,2017-08-18
1626,2018-01-09
1626,2018-03-29
1626,2019-01-23
1627,2015-01-13
1628,2015-01-13
1628,2015-10-23
1629,2015-01-13
1630,2015-01-13
1630,2015-04-20
1630,2015-09-14
1630,2016-01-28
1630,2017-01-17
1631,2015-01-13
1631,2015-11-09
1631,2016-05-13
1631,2016-12-13
1632,2015-01-13
1632,2015-09-29
1633,2015-02-09
1633,2015-05-12
1633,2015-09-08
1633,2015-12-07
1633,2016-06-08
1633,2016-08-22
1633,2019-03-21
1634,2015-01-22
1634,2016-01-21
1634,2017-09-21
1635,2015-01-22
1635,2015-06-25
1635,2016-01-21
1635,2016-06-23
1635,2016-12-01
1636,2015-01-22
1636,2015-06-25
1636,2016-01-21
1636,2016-06-23
1636,2017-09-21
1637,2015-01-22
1637,2015-06-25
1637,2016-01-21
1637,2016-06-23
1637,2017-09-22
1637,2017-11-24
1638,2015-06-25
1638,2016-01-21
1638,2016-06-23
1638,2017-01-23
1639,2015-01-22
1639,2015-06-25
1639,2016-01-21
1640,2015-01-22
1640,2016-01-21
1641,2015-06-25
1641,2016-01-21
1642,2015-01-22
1642,2015-06-25
1642,2016-01-21
1642,2016-07-22
1643,2015-01-22
1643,2015-06-25
1643,2016-01-21
1643,2016-10-03
1644,2015-06-25
1644,2016-01-21
1644,2016-04-04
1645,2015-01-22
1646,2015-01-22
1646,2015-06-25
1646,2016-01-21
1646,2016-06-23
1646,2018-01-02
1647,2015-01-22
1647,2016-01-21
1647,2016-06-23
1647,2017-01-26
1648,2015-01-22
1648,2016-01-21
1648,2016-06-23
1648,2017-01-26
1649,2015-01-22
1649,2016-01-21
1649,2016-06-23
1650,2015-01-22
1650,2015-06-25
1650,2016-01-21
1651,2015-01-22
1651,2015-06-25
1651,2016-06-23
1651,2017-01-26
1652,2015-06-25
1652,2016-06-23
1652,2017-01-26
1653,2015-01-31
1653,2015-06-12
1653,2016-01-17
1653,2017-01-25
1653,2017-03-22
1653,2018-02-13
1653,2018-08-08
1653,2018-10-24
1653,2019-01-03
1654,2015-02-01
1654,2016-07-03
1654,2017-07-02
1655,2015-02-07
1655,2016-03-22
1656,2015-02-07
1656,2015-07-22
1656,2015-09-26
1656,2016-01-23
1656,2016-05-21
1656,2016-11-26
1656,2017-03-18
1656,2018-09-29
1656,2019-01-19
1657,2015-02-07
1657,2016-03-19
1657,2016-11-26
1657,2017-03-18
1657,2017-06-21
1657,2017-08-12
1657,2017-11-25
1657,2018-01-20
1657,2018-03-17
1657,2018-05-31
1657,2018-11-24
1657,2019-03-16
1658,2015-07-22
1659,2015-02-20
1659,2015-07-07
1659,2016-01-05
1659,2016-05-25
1659,2016-11-04
1659,2017-02-02
1659,2017-05-24
1659,2017-08-11
1659,2017-10-18
1659,2018-09-18
1660,2015-02-25
1660,2015-09-09
1660,2015-12-02
1660,2016-02-24
1660,2016-05-18
1660,2016-09-21
1660,2016-11-30
1660,2017-09-20
1660,2017-11-29
1660,2018-03-12
1660,2018-11-28
1660,2019-02-20
1660,2019-03-25
1661,2015-02-25
1661,2016-11-30
1661,2017-02-22
1661,2017-05-17
1661,2017-09-20
1661,2017-11-29
1661,2018-05-16
1661,2018-09-19
1661,2019-02-20
1662,2015-02-25
1662,2015-05-05
1662,2016-05-18
1662,2017-08-29
1662,2018-02-28
1662,2018-05-16
1663,2015-05-05
1663,2016-07-07
1663,2016-08-30
1663,2017-12-21
1663,2018-02-28
1664,2015-03-06
1664,2016-05-04
1664,2019-03-01
1665,2015-03-06
1666,2015-03-13
1667,2015-03-13
1668,2015-03-13
1668,2016-04-15
1668,2016-09-16
1668,2018-03-16
1668,2018-09-21
1669,2015-03-21
1670,2015-03-21
1670,2017-03-18
1670,2017-07-15
1671,2015-03-21
1672,2015-03-21
1672,2015-09-15
1673,2015-03-21
1674,2015-03-22
1674,2016-03-20
1674,2016-10-23
1674,2017-03-26
1674,2018-08-28
1674,2019-02-24
1675,2015-03-22
1676,2015-04-06
1676,2015-08-08
1677,2015-08-13
1677,2017-02-15
1677,2017-04-19
1677,2017-06-21
1677,2017-08-22
1677,2017-12-03
1677,2018-08-11
1677,2018-10-13
1678,2015-04-06
1678,2015-11-29
1678,2017-02-13
1679,2015-04-13
1679,2015-10-05
1679,2016-04-11
1679,2016-10-10
1679,2017-04-03
1680,2015-04-13
1680,2015-10-05
1680,2016-10-10
1681,2015-04-13
1682,2015-04-13
1683,2015-04-19
1683,2016-10-30
1683,2017-06-18
1683,2017-10-22
1684,2015-04-19
1684,2018-08-25
1685,2015-04-22
1686,2015-04-22
1687,2015-04-22
1687,2015-11-27
1688,2015-04-22
1689,2015-04-22
1690,2015-04-22
1690,2016-01-18
1691,2015-04-22
1692,2015-04-22
1692,2016-05-20
1692,2017-09-14
1692,2018-06-11
1692,2018-09-24
1693,2015-04-22
1694,2015-04-22
1695,2015-04-22
1696,2015-04-22
1697,2015-04-22
1698,2015-04-22
1699,2015-04-22
1700,2015-04-22
1700,2017-04-26
1701,2015-04-22
1701,2016-05-30
1702,2015-04-22
1702,2015-09-09
1702,2016-03-30
1702,2017-02-03
1702,2018-02-26
1702,2018-08-21
1703,2015-10-15
1704,2015-04-22
1705,2015-05-13
1706,2015-06-06
1707,2015-06-06
1707,2017-12-03
1707,2018-04-20
1708,2015-06-06
1708,2015-12-01
1708,2016-01-26
1708,2016-12-23
1708,2017-02-18
1708,2017-04-19
1708,2017-10-18
1708,2017-12-22
1708,2018-04-18
1708,2018-06-13
1708,2018-12-21
1709,2015-06-19
1709,2015-10-02
1709,2016-02-12
1709,2016-06-03
1709,2016-09-30
1709,2017-02-03
1709,2017-08-06
1709,2018-06-08
1709,2018-08-05
1709,2019-02-01
1710,2015-06-28
1710,2016-06-19
1710,2016-10-16
1711,2015-06-28
1712,2015-07-01
1713,2015-07-05
1713,2015-10-26
1713,2016-01-31
1713,2016-05-01
1713,2016-07-09
1713,2016-09-27
1713,2016-11-27
1713,2017-02-05
1713,2017-04-09
1713,2017-07-09
1713,2017-10-26
1713,2018-02-04
1713,2018-07-08
1713,2018-10-26
1713,2019-02-03
1714,2015-07-05
1714,2016-05-01
1714,2016-07-03
1715,2015-07-09
1716,2015-07-09
1716,2016-01-08
1716,2016-11-18
1717,2015-07-09
1718,2015-08-01
1718,2016-11-04
1718,2017-07-29
1719,2015-08-01
1719,2016-05-08
1720,2015-08-01
1720,2015-12-06
1720,2016-04-10
1720,2016-07-30
1720,2016-10-01
1720,2016-11-14
1720,2017-03-10
1720,2017-05-28
1720,2017-07-29
1720,2017-09-30
1720,2018-02-04
1720,2018-04-08
1720,2018-07-28
1720,2018-09-29
1720,2018-11-25
1720,2019-02-03
1721,2015-08-05
1721,2016-08-10
1722,2015-08-05
1722,2016-05-31
1723,2015-08-05
1723,2016-02-10
1724,2015-08-05
1725,2015-08-08
1725,2017-03-11
1725,2018-12-22
1726,2015-08-08
1727,2015-08-08
1727,2018-08-11
1728,2015-08-08
1728,2015-10-08
1728,2017-05-27
1728,2017-08-05
1728,2018-01-26
1728,2018-08-11
1729,2015-08-08
1729,2017-02-21
1729,2017-08-05
1729,2017-12-06
1729,2018-02-14
1729,2018-04-23
1729,2018-06-06
1729,2018-08-08
1729,2018-12-17
1729,2019-03-04
1730,2015-08-08
1731,2015-08-22
1732,2015-08-23
1733,2015-08-23
1734,2015-08-23
1735,2015-08-23
1736,2015-09-10
1736,2018-09-13
1737,2015-09-10
1738,2015-09-10
1738,2016-09-08
1738,2017-09-06
1738,2018-09-12
1739,2015-09-10
1739,2016-09-08
1739,2017-09-06
1740,2015-09-10
1740,2016-08-06
1740,2017-04-19
1740,2018-03-22
1740,2018-11-06
1741,2015-09-10
1742,2015-09-10
1742,2016-09-08
1742,2018-09-13
1743,2015-09-10
1743,2016-09-07
1743,2018-12-05
1744,2015-09-10
1744,2016-04-04
1745,2015-09-10
1745,2016-09-07
1746,2015-09-20
1746,2016-01-06
1746,2016-04-17
1746,2016-10-23
1746,2017-09-24
1747,2015-09-20
1747,2018-01-28
1748,2015-09-20
1749,2015-10-02
1749,2016-10-07
1749,2017-02-04
1750,2015-10-02
1750,2016-01-24
1750,2016-12-04
1750,2017-04-14
1750,2017-10-13
1750,2018-01-12
1750,2019-03-12
1751,2015-10-02
1752,2015-10-11
1753,2015-10-11
1753,2016-10-24
1754,2015-10-17
1754,2016-06-18
1754,2016-10-15
1754,2017-10-14
1754,2018-06-16
1755,2015-10-17
1755,2017-06-17
1755,2018-10-27
1756,2015-10-17
1757,2015-10-17
1758,2015-10-17
1758,2017-04-15
1758,2017-06-17
1759,2015-10-17
1760,2015-10-17
1761,2015-10-17
1762,2015-10-17
1763,2015-10-17
1763,2018-06-16
1763,2018-10-27
1764,2015-10-28
1764,2016-04-13
1764,2016-10-27
1764,2017-03-10
1764,2017-09-11
1764,2017-11-14
1764,2018-11-05
1765,2015-10-28
1765,2017-04-05
1765,2018-02-01
1766,2015-10-28
1766,2016-06-07
1766,2016-09-19
1766,2016-12-09
1766,2017-04-14
1766,2017-08-25
1766,2018-04-18
1766,2018-09-21
1767,2015-10-28
1767,2017-03-11
1767,2017-05-06
1768,2015-10-28
1768,2016-04-13
1768,2017-04-05
1768,2017-11-08
1769,2015-10-28
1769,2016-04-13
1769,2018-07-31
1770,2015-10-28
1770,2016-04-13
1771,2015-10-28
1771,2016-09-13
1772,2015-10-28
1772,2016-09-30
1773,2015-10-28
1774,2015-10-28
1774,2016-11-09
1774,2017-04-05
1774,2018-04-11
1775,2015-10-28
1775,2016-01-04
1775,2016-12-15
1775,2017-04-13
1775,2018-08-01
1776,2015-10-28
1777,2015-10-28
1778,2015-10-28
1778,2016-11-09
1779,2015-10-28
1779,2016-11-09
1780,2015-10-28
1780,2017-07-26
1781,2015-10-28
1781,2018-03-30
1782,2015-10-28
1782,2017-04-03
1783,2015-10-28
1784,2015-10-28
1784,2016-09-19
1784,2017-11-11
1784,2019-02-09
1785,2015-10-28
1786,2015-10-28
1787,2015-10-28
1787,2016-04-13
1787,2018-10-10
1787,2018-12-31
1788,2015-10-28
1789,2015-10-28
1790,2015-10-28
1790,2017-12-20
1791,2015-10-28
1791,2016-07-04
1792,2015-10-28
1792,2016-04-13
1792,2016-11-09
1792,2017-04-05
1792,2017-11-08
1792,2018-04-11
1793,2015-10-28
1793,2016-04-13
1793,2017-04-05
1793,2018-07-23
1793,2019-01-20
1794,2015-10-28
1794,2016-04-13
1794,2016-06-21
1794,2016-12-21
1794,2017-05-27
1794,2018-05-12
1794,2018-12-12
1794,2019-03-21
1795,2015-10-28
1795,2016-06-21
1795,2016-12-21
1796,2015-10-28
1797,2015-10-28
1797,2016-04-13
1797,2017-08-23
1797,2018-02-14
1797,2018-06-27
1798,2015-10-28
1799,2015-10-28
1799,2017-03-24
1800,2015-10-28
1800,2017-11-08
1801,2015-10-28
1802,2015-10-28
1802,2016-04-13
1802,2017-12-17
1802,2018-12-23
1803,2015-10-28
1804,2015-10-28
1804,2016-04-13
1804,2016-08-10
1804,2016-09-19
1804,2016-11-12
1804,2017-02-18
1804,2017-05-13
1804,2017-08-10
1804,2017-11-11
1804,2018-02-24
1804,2018-05-05
1804,2018-08-10
1804,2018-11-10
1804,2019-02-09
1805,2015-10-28
1805,2016-04-13
1805,2017-11-13
1806,2015-10-28
1806,2016-04-13
1806,2016-09-19
1807,2015-10-28
1807,2016-10-28
1808,2015-10-28
1809,2015-10-28
1810,2015-10-28
1810,2016-01-16
1810,2016-07-16
1810,2017-01-14
1810,2017-03-25
1810,2018-01-13
1810,2018-03-23
1810,2019-01-11
1810,2019-03-22
1811,2015-10-28
1812,2015-10-28
1812,2016-04-13
1813,2015-10-28
1813,2016-04-13
1814,2015-10-28
1814,2016-02-01
1814,2016-04-13
1814,2017-04-05
1814,2018-04-11
1815,2015-10-28
1815,2016-11-09
1815,2018-07-23
1816,2015-10-28
1816,2016-11-09
1816,2018-05-11
1817,2015-10-28
1817,2016-03-11
1817,2016-11-09
1817,2017-04-05
1817,2017-11-08
1817,2018-04-11
1818,2015-10-28
1818,2016-11-09
1818,2017-07-03
1819,2015-10-28
1819,2017-07-15
1819,2017-11-08
1819,2018-04-11
1820,2015-10-28
1820,2017-04-05
1821,2015-11-06
1822,2015-11-06
1823,2015-11-14
1824,2015-11-14
1824,2018-01-20
1824,2019-01-19
1825,2015-11-14
1826,2015-11-14
1826,2016-11-23
1826,2017-01-21
1826,2017-06-10
1826,2018-02-28
1826,2018-06-09
1826,2019-01-19
1827,2015-11-14
1828,2015-09-29
1828,2016-01-12
1828,2016-04-08
1828,2016-04-13
1828,2016-06-27
1828,2016-09-14
1828,2016-11-29
1828,2017-03-03
1828,2017-05-26
1828,2017-08-17
1828,2017-10-23
1828,2017-12-18
1828,2018-03-16
1828,2018-05-25
1828,2018-07-24
1828,2018-09-18
1828,2018-09-19
1828,2018-12-03
1828,2019-02-05
1829,2015-01-28
1829,2015-10-20
1829,2016-01-27
1829,2016-05-24
1829,2016-10-18
1829,2017-01-25
1829,2018-10-30
1829,2019-01-30
1830,2015-08-13
1831,2015-01-28
1832,2015-05-20
1832,2016-10-26
1832,2017-10-26
1833,2015-05-20
1834,2015-01-30
1835,2015-08-29
1836,2015-09-12
1836,2016-04-30
1837,2015-03-12
1838,2015-04-29
1838,2016-05-06
1838,2018-05-11
1839,2015-10-30
1839,2016-01-03
1839,2016-03-12
1839,2016-06-05
1840,2015-04-08
1840,2016-01-12
1840,2017-01-26
1840,2017-10-19
1840,2018-09-27
1841,2015-10-28
1841,2016-02-06
1841,2016-04-13
1841,2016-11-09
1841,2017-04-05
1841,2017-11-08
1841,2017-12-16
1841,2018-04-11
1841,2018-08-04
1841,2018-10-27
1841,2019-01-15
1842,2015-02-09
1842,2015-08-24
1843,2015-01-16
1843,2015-08-06
1843,2016-01-10
1843,2016-08-24
1843,2016-10-12
1843,2017-01-20
1843,2017-08-03
1843,2018-01-14
1844,2015-01-16
1845,2015-01-16
1845,2015-05-20
1845,2015-08-19
1845,2015-11-18
1845,2016-03-16
1845,2016-05-20
1845,2016-08-24
1845,2017-01-20
1845,2017-03-22
1845,2017-05-15
1845,2017-05-17
1845,2017-11-15
1845,2018-01-19
1845,2018-03-21
1846,2015-01-22
1847,2015-01-22
1847,2016-07-05
1848,2015-01-22
1849,2015-01-22
1849,2015-07-15
1849,2016-01-13
1849,2016-07-05
1850,2015-01-22
1851,2015-01-22
1852,2015-01-22
1852,2016-01-13
1852,2017-01-24
1852,2019-01-15
1853,2015-02-03
1853,2016-09-04
1853,2017-06-25
1854,2015-02-06
1855,2015-02-06
1856,2015-02-14
1857,2015-08-24
1857,2016-09-08
1857,2016-12-05
1857,2017-03-06
1858,2015-02-21
1858,2015-07-05
1858,2015-09-22
1858,2016-07-10
1858,2016-11-12
1858,2017-04-09
1858,2017-07-02
1858,2017-10-19
1858,2018-02-04
1858,2018-04-19
1858,2018-10-18
1858,2019-01-17
1858,2019-02-23
1859,2015-02-21
1859,2015-08-09
1859,2016-02-20
1859,2016-08-07
1859,2016-11-27
1859,2017-02-18
1859,2017-08-22
1859,2017-11-11
1859,2018-02-17
1859,2018-07-07
1859,2018-12-02
1860,2015-03-01
1861,2015-09-20
1861,2016-02-28
1861,2016-09-11
1861,2017-03-05
1861,2017-09-03
1861,2018-03-04
1862,2015-03-01
1862,2015-09-20
1862,2016-09-11
1862,2018-09-02
1863,2015-03-06
1864,2015-03-06
1865,2015-03-06
1866,2015-03-14
1866,2016-03-05
1867,2015-03-14
1867,2015-10-26
1867,2015-12-21
1867,2016-04-04
1868,2015-03-14
1869,2015-03-14
1869,2016-10-26
1870,2015-03-20
1870,2015-10-09
1871,2015-03-20
1871,2015-10-09
1872,2015-03-20
1872,2015-10-09
1872,2016-04-22
1873,2015-03-20
1873,2015-10-09
1874,2015-03-20
1875,2015-03-20
1875,2015-10-16
1876,2015-03-20
1876,2015-10-09
1877,2015-03-20
1877,2015-10-09
1878,2015-03-20
1879,2015-03-20
1879,2016-05-30
1880,2015-03-20
1880,2016-01-22
1881,2015-03-20
1882,2015-10-09
1883,2015-03-20
1883,2015-10-09
1884,2015-03-20
1885,2015-03-20
1885,2016-10-14
1885,2017-01-20
1885,2017-07-28
1886,2015-03-20
1886,2017-04-03
1887,2015-03-20
1887,2016-04-01
1887,2017-03-31
1887,2017-10-13
1887,2018-04-13
1888,2015-03-20
1888,2017-01-02
1889,2015-10-09
1890,2015-03-20
1891,2015-03-20
1891,2016-04-01
1892,2015-03-20
1893,2015-03-20
1893,2016-10-14
1893,2017-04-18
1894,2015-03-28
1895,2015-04-13
1896,2015-04-13
1896,2015-09-16
1896,2016-03-14
1896,2017-03-20
1897,2015-04-13
1897,2017-03-01
1897,2017-07-05
1897,2017-11-02
1898,2015-04-13
1898,2018-06-14
1898,2019-01-24
1899,2015-04-13
1899,2016-03-14
1899,2017-03-20
1900,2015-04-13
1900,2015-06-26
1900,2015-08-10
1901,2015-04-13
1901,2016-03-14
1902,2015-04-13
1902,2016-03-14
1902,2018-09-11
1903,2015-04-13
1903,2016-03-14
1903,2016-08-10
1903,2016-11-12
1903,2018-09-21
1904,2015-04-13
1905,2015-04-13
1905,2016-03-14
1906,2015-04-13
1907,2015-04-13
1907,2017-03-20
1908,2015-04-13
1908,2016-03-14
1908,2017-03-20
1909,2015-04-13
1910,2015-04-13
1910,2015-10-13
1910,2016-04-18
1911,2015-04-13
1912,2015-04-13
1912,2015-10-13
1912,2015-12-09
1912,2018-05-29
1912,2018-10-02
1913,2015-08-08
1913,2016-03-14
1913,2016-08-06
1913,2017-03-20
1913,2017-10-05
1913,2018-03-12
1914,2015-04-13
1914,2017-06-13
1914,2018-03-20
1914,2018-07-12
1915,2015-04-13
1916,2015-04-13
1916,2016-07-07
1917,2015-04-13
1917,2016-03-14
1918,2015-04-13
1919,2015-04-13
1920,2015-04-13
1920,2015-06-19
1920,2015-08-14
1920,2015-10-15
1920,2015-12-15
1920,2016-04-04
1920,2016-06-09
1920,2016-09-27
1920,2017-01-11
1921,2015-04-20
1921,2015-07-02
1922,2015-04-20
1923,2015-04-20
1924,2015-04-20
1925,2015-04-20
1926,2015-04-20
1926,2015-09-25
1927,2015-04-20
1927,2015-07-02
1927,2018-04-28
1928,2015-04-20
1929,2015-08-14
1930,2015-05-12
1930,2015-09-14
1931,2015-04-20
1931,2015-07-14
1932,2015-04-20
1932,2016-07-29
1933,2015-08-14
1934,2015-04-20
1935,2015-04-20
1935,2015-07-02
1936,2015-04-20
1937,2015-04-20
1937,2015-07-23
1937,2015-09-17
1938,2015-05-09
1938,2015-10-24
1938,2016-09-24
1938,2017-05-13
1938,2017-09-09
1938,2018-01-13
1938,2019-01-12
1939,2015-05-09
1939,2015-09-12
1940,2015-05-09
1940,2015-09-25
1940,2016-02-01
1940,2016-08-17
1940,2016-12-14
1941,2015-05-09
1941,2015-09-02
1941,2015-09-12
1941,2016-03-23
1941,2016-06-14
1941,2016-08-17
1941,2016-12-14
1941,2017-10-19
1941,2018-05-12
1942,2015-05-09
1943,2015-05-09
1943,2016-01-09
1943,2017-05-13
1943,2017-09-09
1943,2018-01-13
1943,2018-10-11
1944,2015-05-09
1944,2015-08-29
1944,2016-09-24
1944,2017-01-14
1945,2015-05-11
1946,2015-05-11
1947,2015-05-11
1948,2015-05-11
1948,2016-04-12
1949,2015-05-11
1950,2015-05-11
1950,2016-04-05
1951,2015-05-13
1951,2017-10-15
1952,2015-05-13
1952,2015-09-15
1953,2015-05-13
1953,2015-10-18
1953,2017-06-14
1953,2017-10-15
1953,2018-03-04
1953,2018-10-21
1953,2019-01-26
1954,2015-05-22
1955,2015-05-22
1956,2015-05-22
1957,2015-05-22
1958,2015-05-22
1959,2015-05-22
1959,2016-04-05
1960,2015-05-22
1961,2015-05-22
1961,2018-04-10
1962,2015-05-22
1962,2017-08-26
1963,2015-05-22
1963,2017-06-28
1964,2015-05-22
1965,2015-05-22
1966,2015-05-22
1966,2015-10-15
1967,2015-05-22
1968,2015-10-15
1969,2015-05-22
1970,2015-05-27
1971,2015-06-18
1971,2015-10-31
1971,2016-02-20
1971,2016-06-07
1971,2017-02-25
1971,2017-06-08
1971,2019-03-02
1972,2015-06-18
1973,2015-06-18
1974,2015-06-18
1974,2017-06-08
1974,2017-10-26
1974,2018-07-21
1974,2018-09-26
1975,2015-06-18
1976,2015-06-18
1977,2015-06-18
1977,2016-06-07
1978,2015-06-18
1978,2016-10-10
1978,2017-03-15
1979,2015-06-18
1979,2016-06-07
1980,2015-06-18
1981,2015-06-30
1982,2015-06-30
1982,2018-04-04
1982,2018-10-02
1983,2015-06-30
1983,2016-03-03
1983,2016-12-12
1983,2017-03-16
1983,2017-08-08
1983,2018-05-17
1984,2015-07-12
1985,2015-07-25
1985,2015-11-07
1985,2016-05-14
1985,2016-07-23
1985,2017-01-07
1986,2015-07-30
1987,2015-07-30
1988,2015-08-02
1989,2015-08-22
1990,2015-08-22
1991,2015-08-30
1991,2016-08-28
1992,2015-08-30
1992,2017-08-27
1993,2015-09-05
1994,2015-09-05
1995,2015-09-05
1996,2015-09-05
1996,2016-06-03
1996,2016-12-02
1996,2017-12-22
1997,2015-09-05
1997,2017-04-29
1998,2015-09-05
1999,2015-09-14
1999,2015-12-14
1999,2016-03-14
2000,2015-09-14
